-- MySQL dump 10.13  Distrib 5.7.29, for Win64 (x86_64)
--
-- Host: localhost    Database: ccm
-- ------------------------------------------------------
-- Server version	8.0.28

/*!40101 SET @OLD_CHARACTER_SET_CLIENT=@@CHARACTER_SET_CLIENT */;
/*!40101 SET @OLD_CHARACTER_SET_RESULTS=@@CHARACTER_SET_RESULTS */;
/*!40101 SET @OLD_COLLATION_CONNECTION=@@COLLATION_CONNECTION */;
/*!40101 SET NAMES utf8 */;
/*!40103 SET @OLD_TIME_ZONE=@@TIME_ZONE */;
/*!40103 SET TIME_ZONE='+00:00' */;
/*!40014 SET @OLD_UNIQUE_CHECKS=@@UNIQUE_CHECKS, UNIQUE_CHECKS=0 */;
/*!40014 SET @OLD_FOREIGN_KEY_CHECKS=@@FOREIGN_KEY_CHECKS, FOREIGN_KEY_CHECKS=0 */;
/*!40101 SET @OLD_SQL_MODE=@@SQL_MODE, SQL_MODE='NO_AUTO_VALUE_ON_ZERO' */;
/*!40111 SET @OLD_SQL_NOTES=@@SQL_NOTES, SQL_NOTES=0 */;

--
-- Table structure for table `calendar_content_categories`
--

DROP TABLE IF EXISTS `calendar_content_categories`;
/*!40101 SET @saved_cs_client     = @@character_set_client */;
/*!40101 SET character_set_client = utf8 */;
CREATE TABLE `calendar_content_categories` (
  `id` int NOT NULL AUTO_INCREMENT,
  `name` varchar(255) NOT NULL,
  `created_at` timestamp NOT NULL DEFAULT CURRENT_TIMESTAMP,
  `updated_at` datetime NOT NULL DEFAULT CURRENT_TIMESTAMP ON UPDATE CURRENT_TIMESTAMP,
  PRIMARY KEY (`id`)
) ENGINE=InnoDB AUTO_INCREMENT=31 DEFAULT CHARSET=latin1;
/*!40101 SET character_set_client = @saved_cs_client */;

--
-- Dumping data for table `calendar_content_categories`
--

LOCK TABLES `calendar_content_categories` WRITE;
/*!40000 ALTER TABLE `calendar_content_categories` DISABLE KEYS */;
INSERT INTO `calendar_content_categories` VALUES (1,'Facebook','2022-06-21 04:21:22','2022-06-21 11:21:22'),(2,'Instagram','2022-06-21 04:21:29','2022-06-21 11:21:29'),(29,'Tiktok','2022-07-07 17:40:21','2022-07-08 00:40:21');
/*!40000 ALTER TABLE `calendar_content_categories` ENABLE KEYS */;
UNLOCK TABLES;

--
-- Table structure for table `calendar_content_revisions`
--

DROP TABLE IF EXISTS `calendar_content_revisions`;
/*!40101 SET @saved_cs_client     = @@character_set_client */;
/*!40101 SET character_set_client = utf8 */;
CREATE TABLE `calendar_content_revisions` (
  `id` int NOT NULL AUTO_INCREMENT,
  `revision` text NOT NULL,
  `content_id` int NOT NULL,
  `team_id` int NOT NULL,
  PRIMARY KEY (`id`),
  UNIQUE KEY `content_id` (`content_id`),
  KEY `team_id` (`team_id`),
  CONSTRAINT `calendar_content_revisions_ibfk_1` FOREIGN KEY (`content_id`) REFERENCES `calendar_contents` (`id`)
) ENGINE=InnoDB DEFAULT CHARSET=utf8mb4 COLLATE=utf8mb4_0900_ai_ci;
/*!40101 SET character_set_client = @saved_cs_client */;

--
-- Dumping data for table `calendar_content_revisions`
--

LOCK TABLES `calendar_content_revisions` WRITE;
/*!40000 ALTER TABLE `calendar_content_revisions` DISABLE KEYS */;
/*!40000 ALTER TABLE `calendar_content_revisions` ENABLE KEYS */;
UNLOCK TABLES;

--
-- Table structure for table `calendar_contents`
--

DROP TABLE IF EXISTS `calendar_contents`;
/*!40101 SET @saved_cs_client     = @@character_set_client */;
/*!40101 SET character_set_client = utf8 */;
CREATE TABLE `calendar_contents` (
  `id` int NOT NULL AUTO_INCREMENT,
  `name` varchar(255) NOT NULL,
  `url` varchar(255) NOT NULL,
  `content` text NOT NULL,
  `copywriting` text NOT NULL,
  `status` varchar(255) NOT NULL,
  `date` date NOT NULL,
  `time` time NOT NULL,
  `revision` text NOT NULL,
  `created_at` timestamp NOT NULL DEFAULT CURRENT_TIMESTAMP,
  `updated_at` datetime NOT NULL DEFAULT CURRENT_TIMESTAMP ON UPDATE CURRENT_TIMESTAMP,
  `content_pillar_id` int NOT NULL,
  `team_id` int NOT NULL,
  `calendar_content_category_id` int NOT NULL,
  PRIMARY KEY (`id`),
  KEY `content_pillar_id` (`content_pillar_id`),
  KEY `team_id` (`team_id`),
  KEY `calendar_content_category_id` (`calendar_content_category_id`),
  CONSTRAINT `calendar_contents_ibfk_1` FOREIGN KEY (`content_pillar_id`) REFERENCES `content_pillars` (`id`),
  CONSTRAINT `calendar_contents_ibfk_2` FOREIGN KEY (`calendar_content_category_id`) REFERENCES `calendar_content_categories` (`id`),
  CONSTRAINT `calendar_contents_ibfk_3` FOREIGN KEY (`team_id`) REFERENCES `teams` (`id`)
) ENGINE=InnoDB AUTO_INCREMENT=18 DEFAULT CHARSET=latin1;
/*!40101 SET character_set_client = @saved_cs_client */;

--
-- Dumping data for table `calendar_contents`
--

LOCK TABLES `calendar_contents` WRITE;
/*!40000 ALTER TABLE `calendar_contents` DISABLE KEYS */;
INSERT INTO `calendar_contents` VALUES (1,'bootcamp','','content','copy','Plan','2022-06-25','15:00:00','','2022-06-21 04:22:08','2022-06-21 14:28:44',1,1,1),(2,'berkarir','','berkarir itu mudah','berkarir itu mudah menggunakan copywriting','Ongoing','2022-06-24','09:34:22','','2022-06-21 04:22:08','2022-06-21 11:22:08',2,1,2),(3,'Kelas Industri','','Iya beginilah konten dari kelas industri belum tau isinya seperti apa yang penting banyaklah ya hehe','Copywriting di sini merupakan konten yang menarik dari untuk dibaca para pembaca pastinya agar tertarik dengan konten yang dibuat','Need Review','2022-06-21','11:25:00','','2022-06-21 04:26:23','2022-06-21 11:26:53',2,1,2),(4,'Konten Di Bulan Juli','github.com/k-ardliyan','Semoga bulan yang menyenangkan','Anjay','Revision','2022-07-01','00:00:00','Ati-ati ya','2022-06-30 23:26:37','2022-07-01 06:27:20',2,1,2),(5,'Testing Pillar','facebook.com','ini facebook','ea','Plan','2022-07-02','13:46:00','','2022-07-02 06:47:17','2022-07-02 13:47:17',1,1,1),(7,'Konten Di Bulan Juli','','','','Plan','2022-07-07','23:04:00','','2022-07-07 16:04:08','2022-07-07 23:04:08',1,2,1);
/*!40000 ALTER TABLE `calendar_contents` ENABLE KEYS */;
UNLOCK TABLES;

--
-- Table structure for table `content_pillars`
--

DROP TABLE IF EXISTS `content_pillars`;
/*!40101 SET @saved_cs_client     = @@character_set_client */;
/*!40101 SET character_set_client = utf8 */;
CREATE TABLE `content_pillars` (
  `id` int NOT NULL AUTO_INCREMENT,
  `name` varchar(255) NOT NULL,
  `created_at` timestamp NOT NULL DEFAULT CURRENT_TIMESTAMP,
  `updated_at` datetime NOT NULL DEFAULT CURRENT_TIMESTAMP ON UPDATE CURRENT_TIMESTAMP,
  PRIMARY KEY (`id`)
) ENGINE=InnoDB AUTO_INCREMENT=17 DEFAULT CHARSET=latin1;
/*!40101 SET character_set_client = @saved_cs_client */;

--
-- Dumping data for table `content_pillars`
--

LOCK TABLES `content_pillars` WRITE;
/*!40000 ALTER TABLE `content_pillars` DISABLE KEYS */;
INSERT INTO `content_pillars` VALUES (1,'News','2022-06-21 04:21:00','2022-06-21 11:21:00'),(2,'Meme','2022-06-21 04:21:13','2022-06-21 11:21:13');
/*!40000 ALTER TABLE `content_pillars` ENABLE KEYS */;
UNLOCK TABLES;

--
-- Table structure for table `team_roles`
--

DROP TABLE IF EXISTS `team_roles`;
/*!40101 SET @saved_cs_client     = @@character_set_client */;
/*!40101 SET character_set_client = utf8 */;
CREATE TABLE `team_roles` (
  `id` int NOT NULL AUTO_INCREMENT,
  `name` varchar(32) NOT NULL,
  PRIMARY KEY (`id`)
) ENGINE=InnoDB AUTO_INCREMENT=4 DEFAULT CHARSET=utf8mb4 COLLATE=utf8mb4_0900_ai_ci;
/*!40101 SET character_set_client = @saved_cs_client */;

--
-- Dumping data for table `team_roles`
--

LOCK TABLES `team_roles` WRITE;
/*!40000 ALTER TABLE `team_roles` DISABLE KEYS */;
INSERT INTO `team_roles` VALUES (1,'admin'),(2,'reviewer'),(3,'user');
/*!40000 ALTER TABLE `team_roles` ENABLE KEYS */;
UNLOCK TABLES;

--
-- Table structure for table `teams`
--

DROP TABLE IF EXISTS `teams`;
/*!40101 SET @saved_cs_client     = @@character_set_client */;
/*!40101 SET character_set_client = utf8 */;
CREATE TABLE `teams` (
  `id` int NOT NULL AUTO_INCREMENT,
  `name` varchar(255) NOT NULL,
  `password` varchar(255) NOT NULL,
  `email` varchar(255) NOT NULL,
  `role_id` int NOT NULL,
  `created_at` timestamp NOT NULL DEFAULT CURRENT_TIMESTAMP,
  `updated_at` datetime NOT NULL DEFAULT CURRENT_TIMESTAMP ON UPDATE CURRENT_TIMESTAMP,
  PRIMARY KEY (`id`),
  KEY `role_id` (`role_id`),
  CONSTRAINT `teams_ibfk_1` FOREIGN KEY (`role_id`) REFERENCES `team_roles` (`id`)
) ENGINE=InnoDB AUTO_INCREMENT=3 DEFAULT CHARSET=latin1;
/*!40101 SET character_set_client = @saved_cs_client */;

--
-- Dumping data for table `teams`
--

LOCK TABLES `teams` WRITE;
/*!40000 ALTER TABLE `teams` DISABLE KEYS */;
INSERT INTO `teams` VALUES (1,'k-ardliyan','202cb962ac59075b964b07152d234b70','k.ardliyan@gmail.com',1,'2022-06-14 06:29:02','2022-07-07 22:15:05'),(2,'Gamelab','21232f297a57a5a743894a0e4a801fc3','admin@gamelab.id',3,'2022-07-07 16:02:55','2022-07-07 23:02:55');
/*!40000 ALTER TABLE `teams` ENABLE KEYS */;
UNLOCK TABLES;

--
-- Dumping routines for database 'ccm'
--
/*!40103 SET TIME_ZONE=@OLD_TIME_ZONE */;

/*!40101 SET SQL_MODE=@OLD_SQL_MODE */;
/*!40014 SET FOREIGN_KEY_CHECKS=@OLD_FOREIGN_KEY_CHECKS */;
/*!40014 SET UNIQUE_CHECKS=@OLD_UNIQUE_CHECKS */;
/*!40101 SET CHARACTER_SET_CLIENT=@OLD_CHARACTER_SET_CLIENT */;
/*!40101 SET CHARACTER_SET_RESULTS=@OLD_CHARACTER_SET_RESULTS */;
/*!40101 SET COLLATION_CONNECTION=@OLD_COLLATION_CONNECTION */;
/*!40111 SET SQL_NOTES=@OLD_SQL_NOTES */;

-- Dump completed on 2022-07-08  2:06:57
